,algorithm,train_score,test_score
0,linear_reg,1214.7136947600072,1224.9780600537717
1,randomforest_reg,205.57109732551166,553.3706560903915
2,GB_reg,617.5830635385909,625.205760093402
