,algorithm,train_score,test_score
0,linear_reg,1214.7136947600072,1224.9780600537717
1,randomforest_reg,206.61369338638565,553.9461681294133
2,GB_reg,617.583063538591,625.2057600934022
